问题,是否有效,评判依据
还有红包吗,是,询问活动情况
保湿吗,是,可能询问产品
云朵化妆包,是,提及产品名称
你这是现场直播吗,是,提问适合直播
没货呀,是,询问商品存货
去斑的,是,提问有效
求讲解6号宝贝,是,提问内容明确，适合回答
讲解6号,是,提问中包含商品编号，符合有效提问标准
6号,是,提问中包含商品编号，符合有效提问标准
6号宝贝,是,提问中包含商品编号，符合有效提问标准
6号链接,是,提问中包含商品编号，符合有效提问标准
6链接,是,提问中包含商品编号，符合有效提问标准
6,否,内容不明确，纯数字
求讲解8号宝贝,是,提问内容明确，适合回答
讲解8号,是,提问中包含商品编号，符合有效提问标准
8号,是,提问中包含商品编号，符合有效提问标准
8号宝贝,是,提问中包含商品编号，符合有效提问标准
8号链接,是,提问中包含商品编号，符合有效提问标准
8链接,是,提问中包含商品编号，符合有效提问标准
8,否,内容不明确，纯数字
搞这么,否,内容不明确
什么品牌,是,提问品牌信息
直播间备注什么,否,内容不明确
怎么无法换购了,是,提问换购问题
下单备注什么,是,提问适合直播
还送什么,是,提问商品信息
冰箱？,是,询问产品信息
39号有什么赠品,是,询问赠品信息
精华和霜区别,是,提问适合直播
想淡斑抗衰老怎么拍,是,提问适合直播
主播安心乳是哪款,是,提问产品信息
1200需要一次付才有礼品？还是总共消费1200就有？,是,提问消费细则
399减100的券什么时候有呢,是,询问优惠信息
气垫，皮肤有斑用那个色号,是,提问适合直播
抽手机的参与规则是什么？,是,提问适合直播
有抗老提亮的吗,是,提问适合直播
十件套有吗,是,提问商品信息
介绍一下90连接,是,提问商品链接
是机器人啊,是,提问有效，是数字人
居家,否,内容不明确
是机器人么,是,提问适合直播
可这可这打彩色的吗,否,语义不清
这个打印机打彩色的吗,是,提问有效，咨询打印机
怎么抢不了,是,询问购买问题
连不上,是,提问直播问题
直播下单享加赠,是,促销信息有效
抢到了,是,适合直播环境
怎么邦定,是,提问适合直播环境
太过分了一直刷也米有,是,情感表达评论
400-100呢,否,无效问题，语义不明确
抢不了,是,表达购买困难
怎么邦定，,是,提问适合直播
500下架了？？？,否,无效问题，语义不明确
50号宝贝下架了？？？,是,提问商品
还是录播,否,内容无实际意义
使用方法，和手法,是,提问商品使用方法
过分,否,内容含糊
还没抢就下架了？,是,正常表达
没有互动,否,内容无实际意义
300-100呢,否,内容不明确
定点没有,否,内容不明确
有没有诚意,是,提问适合直播
无语了,否,内容无实际意义
哪有券都没看到,是,有效，咨询优惠券
大白罐可以用于面部吗,是,提问适合直播
券哪里去了,是,询问优惠信息
去头皮屑买哪一个,是,提问适合直播
真的吗,是,提问有效
主播你是真人吗,是,提问主播真实性
还有399-100券吗,是,询问优惠券
300-100的券还有吗,是,询问优惠券
这是直播吗,是,提问适合直播
晚上用袋鼠裤好还是黑金帮好,是,提问适合直播
怎么感觉是回放,是,疑问性评论
精粹水加面霜和精粹水加水绒霜的效果区别在哪里啊,是,商品比较
黑珍珠有套装吗,是,提问适合直播
4件套,是,可能询问商品
主播,否,内容不明确
下架了，没上,是,询问商品状态
白金跟胶原有什么区别,是,提问内容相关
加厚,是,可能询问产品
加大,是,可能询问产品
可以补差价吗,是,适合电商提问
3代的盖帽有吗,是,提问商品信息
五千多的多送一个黑色是什么,是,询问产品信息
怎么备注暗号啊,是,提问适合直播
咱家产品粉底液哪个遮暇好？,是,提问适合直播
粉底液哪个遮暇好？,是,提问适合直播
这个c乳能不能涂脸,否,内容不适宜
2700型号的墨盒有吗,是,询问商品信息
真的涨价了,是,涉及价格变动
有没有708色号,是,询问产品信息
水买哪种,是,提问适合直播
有什么活动,是,提问适合直播
箱装的拉拉裤拆封要是不好用可以退吗,是,提问适合直播
三件套走哪买,是,提问适合直播
男士的没卷了吗,是,提问商品情况
买眼霜送什么,是,提问适合直播
三件套几号,是,询问产品信息
你好主播,是,普通问候语
窝趣是AI,否,无实际意义
为什么没有给我送首购礼物,是,提问适合直播
没有160ml的了,是,询问产品规格
脏橘色号,是,询问产品信息
脏橘上链接,否,内容不明确
看着像ai主播,是,内容相关适合直播
哦哦,否,内容过于简略
3件8折怎么没看到呢,是,询问活动详情
录播吗,是,提问直播内容
奶嘴12个月怎么拍,是,提问清晰
抗老推荐啥,是,提问适合直播
646焦糖橘是原来的脏橘色号吗,是,提问产品信息
暗号,否,内容不明确
水哪个链接？,是,询问直播商品
适合多大年龄,是,提问适合年龄
3岁喝奶用哪种,是,提问适合直播
什么样质地,是,提问商品质地
京东卡算实付金额吗,是,适合电商提问
水是哪个链接？,是,询问商品链接
有送镜子吗,是,询问活动赠品
再出一次魏无羡的巧克力可爱多吧,是,提问适合直播
再出一次魏无羡的巧克力可爱多吧再出一次魏无羡的巧克力可爱多吧,是,提出商品请求
包包看一下,是,提问商品细节
看看683,是,询问商品编号
回放吗,是,询问直播内容
是不是比新款多,是,提问产品信息
[开心],否,纯表情无实际意义
昨天75折，今天85折,是,适合电商环境
683看看,否,内容不明确
小露珠是满2500才送图片上的赠品么,是,提问赠品条件
防脱发生发用哪个？,是,提问适合直播
清新帮拉拉裤Xxl多少钱一包,是,询问产品价格
清新帮Xxl多少号链接,是,询问商品链接
送什么,是,提问适合直播
有抗老眼霜嘛,是,提问产品信息
16个月用哪个奶嘴？,是,提问适合直播
头发拉直了适合用那种沙宣洗发水,是,提问适合产品
面膜是买5盒送5盒吗,是,提问商品优惠
哎，又一个ai主播,是,内容相关
399减100的优惠券还有吗,是,询问优惠信息
今天截屏抽奖抽什么,是,提问适合直播
小卡怎么得？,是,提问商品获取
可以贴一下精华乳的全成分表吗？,是,提问适合直播
虚拟主播可以互动吗？,是,提问适合直播
早上好[-送你心心],是,问候语，适合直播
直播间暗号是什么,是,提问适合直播
现在是人工还是AI,是,提问适合直播
AI有点可怕,是,内容相关适宜
发膜奶酪罐和瞬顺的区别在哪,是,提问产品区别
怎么还播放的视频[-流汗],是,询问直播情况
黑色精油和黄色的区别,是,提问产品区别
吧,否,内容无实际意义
真人吗,是,提问适合直播
刚才1000多的套餐找不到了,是,询问商品信息
下单任意正装抽化妆包,是,提问适合直播
拉拉裤白天推荐一下,是,提问适合直播
卸妆油保质期多少哇,是,提问产品信息
啦啦,否,内容无实际意义
私藏的为什么要拿出来卖？,是,提问适合直播
晚上好[-玫瑰][-成交][*神了][-鼓掌],否,纯表情无实际意义
黄黑皮适合哪个颜色的唇釉呀,是,提问适合直播环境
许愿万能卡,否,无实际意义
哈喽美女,是,观众打招呼
华丽摇滚仙女泪断货回归！抓紧抢！,是,产品相关评论
皮肤杂质都能祛除吗,是,适合提问
",[-666]",否,纯表情符号
拼,否,内容不明确
不是直播,否,内容无实际意义
买精华可以送粉底液试用装不,是,提问适合直播
主播我想问个事,是,提问适合直播
这是AI人吗？,是,提问适合直播
你像ai,否,内容不明确
这么高级吗,是,语义清晰适合环境
睡觉了再见,否,内容无实际意义
有没有面膜,是,提问适合直播
ai[-鼓掌],否,纯表情符号
真的很好看,是,评论积极且恰当
组合型化妆品吗,是,提问适合直播
什么牌子,是,提问品牌信息
晚上好啊主播,是,普通问候语
狗狗可以吃吗,是,提问适合直播
敏感肌角质层薄适合黑色的还是金色的,是,提问适合直播
你是ai吧,是,询问数字人直播
该睡了,否,内容无关直播
黑眼圈超级大了我,是,情感表达评论
都快三点了，肯定睡了呀,是,适合直播环境
应该是录播,否,疑似非实时
鳄鱼皮气垫,是,提问商品信息
b5霜是是瓶口塑封的嘛,是,提问产品细节
送的那个是杯子吗？,是,提问适合直播
霜是几号,是,询问产品信息
直播下单需要备注吗,是,适合电商提问
你为什么这么漂亮,是,评论内容适宜
有什么活动吗？,是,提问适合直播
ai直播吗？,是,提问适合直播
有没有单独粉扑卖？,是,提问适合直播
卸妆油,是,提问产品信息
广告挺能投啊,否,含有广告嫌疑
待会下单了就给差评，然后退款,否,恶意行为
化妆镜直播间下单多送什么,是,提问适合直播
这个虚拟主播居然用了菁菁的样子[-惊讶][-哈哈哈],是,内容相关且清晰
[酷][酷][酷],否,纯表情符号
直播暗号是什么,是,提问内容相关
这是录播？,是,询问直播性质
可以当高光吗,是,适合直播环境
AI的吧，嘴型完全不对,是,内容相关提问
31斤买什么码？,是,提问尺码相关
数字人直播吗？？？？,是,提问内容清晰
数字人吗,是,询问数字人直播吗
有优惠价嘛,是,询问优惠信息
两个月宝宝用哪个帮？,是,可能询问商品
真漂亮,是,评论积极且恰当
50岁用哪款眼霜,是,提问适合直播
755喷墨打印机,是,询问产品信息
狗屁,否,含辱骂性言语
什么皮肤都可以吗,是,提问适合直播
混油可以？,是,提问适合直播
美女好漂亮哦，是,是,评论内容适宜
我喜欢,是,情感积极
几号啊,是,询问商品信息
[-红唇],否,纯表情符号
送什么,是,提问适合直播
[-点赞点赞][-点赞点赞][-点赞点赞],否,纯表情无实际意义
我要买清新帮拉拉裤,是,提问购买产品
我说直播间下单有没有优惠,是,询问优惠信息
清新帮拉拉裤xl,是,询问产品信息
弹链接,否,内容无实际意义
了解了解，主持人,是,语义清晰
碧浪有冷水洗衣粉吗,是,提问商品信息
这个ai挺好,是,评论内容有效
大家都不睡的吗？,是,互动性评论
祛斑选哪个,是,提问适合直播
眼霜几号？,是,询问产品信息
主播帮我看下适合用那套护肤品,是,提问适合直播环境
多久,否,内容不明确
可以先帮我讲解吗,是,提问适合直播
可以,是,语义清晰适合环境
直播下单享加赠,是,适合电商直播
好的，我先看看，马上女神节了,是,语义清晰适合环境
产品挺好,是,评论内容有效
美丽女神主播早上好！亲您哟！[-爱心][-玫瑰],是,礼貌问候
好好好好好好好好用,否,内容重复无意义
就一假人无限循环说话,否,无实际意义
水怎么用,是,提问适合直播
怎么领399减80卷,是,询问优惠信息
洁面后用水吗,是,提问清洁步骤
下单69,是,表明购买意向
[-666][*神了][-鼓掌],否,纯表情无实际意义
牛郎色眼影[-花痴],否,含不恰当内容
拍66顺便去拍67吗,是,询问产品信息
长豆的可以用吗,是,提问适合直播
茶牛郎和粉牛郎的区别？,是,提问内容相关
没听到什么区别,是,反馈产品体验
茶牛郎和粉牛郎区别,是,提问内容相关
38活动抢先购开始啦,是,适合电商直播
华丽摇滚仙女泪断货回归！抓紧抢！[-爱了爱了],是,表达清晰
湿巾,否,内容无实际意义
好像瑾汐姑姑,否,无实际意义
混合性用哪款洗面奶,是,提问适合直播
40了应该哈哈哈[-哈哈哈],否,含无意义表情
五元红包怎么领,是,提问领取红包
100-40优惠券在哪,是,询问优惠信息
来了,是,简短问候语
粉底送的泵头正装，小样都可以用吗,是,提问适合直播
主播早上[-哈哈哈],是,语义清晰
不知道怎么买定妆粉,是,提问适合直播
这个好用,是,语义清晰适合环境
什么意思,是,提问内容有效
领肥料啦,是,适合直播环境
肥料到手，撤,是,表达收货满意
很划算,是,评论内容适宜
ar直播吗,是,提问直播内容
肥料,否,内容无实际意义
为什么我购买显示查看商品详情,是,提问商品详情
该地区无货,是,询问库存情况
A醇0.3介紹一下,是,提问产品信息
是机器人吗？,是,提问适合直播
粉底液，皮肤混干油皮，还有点黑黄，还有痘印，建议哪个好用。,是,提问适合直播
亲，有礼盒吗,是,询问产品信息
送的包包看下,是,提问商品信息
36岁混合皮，推荐礼盒？,是,提问适合直播
是礼盒包装吗,是,适合提问
怎么用，讲讲,是,提问适合直播
讲讲夜皇后怎么使用,是,提问适合直播环境
早上好[开心],是,问候语，适宜直播
液体,否,内容不明确
夜皇后使用方法讲讲,是,提问产品使用
已经下单，送黑色包吗,是,询问产品赠品
[-鼓掌][-鼓掌][-鼓掌][-鼓掌][-鼓掌][-鼓掌][-鼓掌][-鼓掌],否,纯表情无实际意义
都是假人,否,内容无实际意义
这是个AI吗,是,提问适合直播
孩子16岁，爱起痘，推荐水乳洗面奶哪款,是,提问适合直播
下单防嗮啦,是,提问购买意向
有首礼吗,是,询问直播福利
上午好,是,问候语，适合环境
直播间下单算邓为的嘛？,是,提问适合直播
还有小卡送吗,是,询问活动细节
今天怎么又贵了,是,询问价格变动
来了来了,是,观众打招呼
小卡应该是没有的,是,提问商品情况
昨天晚安蜜260,是,询问产品信息
昨天晚安乳260,否,内容不明确
干皮用哪个,是,提问适合直播
粉底干皮用哪个,是,提问适合直播
水和奇迹面霜60毫升怎么买,是,询问产品购买
安睡裤和普通拉拉裤尺码区别大吗？,是,提问适合直播环境
直播专享券怎么领呀,是,提问适合直播环境
新生儿可以用哪款面霜,是,提问适合直播
安睡裤在几号链接,是,询问商品链接
男士控油选哪个,是,提问适合直播
这个好还是安睡裤好,是,提问适合直播
早上好,是,问候语
有没有优惠,是,询问优惠信息
抽正装是几号抽,是,询问商品信息
包邮不,是,询问邮费情况
下单多久可以发货呢,是,提问发货时间
好的,是,简短有效评论
安睡拉拉裤最大就只有两个XL吗？,是,提问产品规格
适合多大年龄使用,是,提问适用年龄
后期配音,是,提问适合直播
ai换脸吗,是,提问适合直播
没有3个XL吗？安睡裤,是,询问产品尺码
涵[*神了],否,含表情符号
不是录屏吧,是,询问直播真实性
看bb霜,是,询问产品信息
早！,是,简单问候
是先用超抗小白瓶还是先用淡斑小白瓶,是,提问适合直播
AI直播了？,是,提问直播内容
这是虚拟人物,否,内容无实际意义
有红包雨吗,是,询问活动信息
色提因精华和精华蜜的区别,是,提问产品区别
左边是下单都可送吗？,是,提问适合直播
直播间秒杀什么时候开始？,是,提问适合直播
需要眼霜，精华露怎么排划算,是,提问适合直播
用备注吗,是,提问适合直播
他是机器人吧[-大哭],是,疑问主播身份
[-哈哈哈],否,纯表情符号
机器人,是,询问数字人直播
固体唇膏,是,提问产品信息
这Ai！,是,询问数字人直播
固体唇蜜的色号,是,询问产品信息
昨天晚上下单的今天可以抽奖吗,是,提问适合直播
恒温碗,是,提问产品信息
送包什么买，减60什么买,是,询问优惠信息
看看安抚奶嘴,是,提问商品信息
几点有劵啊,是,询问优惠信息
镇店爆款到手都有哪些,是,询问产品信息
500充值昨天等到凌晨根本没有开,是,提问有效
这是ai主播,是,内容相关
我要面霜几号链接,是,询问产品链接
小朋友用哪款,是,提问产品信息
桃子水单件跟两瓶怎么图片不一样，,是,询问产品差异
拍几号？,是,询问产品信息
这是AI生成的主播吗？,是,提问主播身份
一级帮拉拉裤L什么时候有货,是,询问商品信息
没在直播下单赠送吗,是,提问适合直播
买了红腰子付了定金，早上想付尾款怎么取消了呢,是,提问有关付款
直播间加赠，怎么操作,是,提问适合直播
紫米和B5哪个补水效果好,是,提问适合直播环境
还沒付尾款那,是,适合电商提问
小孩子可用吗,是,提问适合直播
沒付尾款，能收到货吗,是,适合电商提问
香水如果不喜欢味道怎么办,是,提问适合直播
2024口红,是,询问产品信息
婴儿可以摸吗,否,内容不当
没付尾款能收到吗,是,适合电商提问
主播早上好,是,问候语有效
奶嘴怎么单独购买,是,提问适合直播环境
圣罗兰的口红好用之前朋友送了我一只,是,评论内容相关
不是直播的,否,内容无关
高保湿乳没有了吗？白瓶的，跟高保湿水一套的,是,询问产品信息
你是AI？,是,提问主播身份
羽西产品分年龄段使用吗,是,提问适合直播
您好，赠品50ml小样没货了，下完单等有货能补货吗,是,适合电商提问
华丽摇滚仙女泪断货回归！抓紧抢！[-666][-666][-666][-666][-666],是,产品热度反馈
显白肤色的口红哪款？2024咋样,是,提问适合直播环境
手是真的,否,内容不明确
人是假的,否,内容不明确
AI机器人美女,否,内容不当
真的啊,否,内容含糊
绿标买哪种,是,询问产品信息
[-傻笑],否,纯表情符号
是机器人在讲吗,是,提问适合直播
羽西产品分年龄段使用,是,提问适合直播
看手应该是真人,是,内容相关适合直播
W01,否,内容无实际意义
绿标买哪个链接呢,是,询问购买链接
早好,是,问候语
赠送产品吧,是,提出产品请求
这是qi,否,内容不明确
fa[-爱了爱了],否,纯表情无实际意义
都需要快递费吗,是,适合电商提问
直播如此不用心，这分明就是广告,是,提出直播质疑
亲爱的，W01链接有吗？下单送什么？,是,询问产品信息
买64和39链接怎么划算,是,询问商品优惠
绿瓶面霜一瓶多钱,是,询问产品价格
干性皮肤,是,提问适合直播
有没有温泉矿物爽肤水,是,提问适合直播环境
喝水怎么办呢,否,内容不明确
防晒有优惠吗,是,询问产品优惠
怎么办,否,内容不明确
人机主播吗,是,提问主播身份
男孩长痘又脱皮买哪种,是,提问适合直播
保湿效果好的推荐一套,是,提问适合直播
男士保湿效果好一点的推荐一套,是,提问适合直播环境
满减券啥时候有啊,是,提问适合直播环境
B5修复精华有吗？,是,提问商品信息
感觉主播，跟机器人,否,评论含糊不清
有合适12岁女孩用的？,是,提问适合直播
我也是这样！,否,内容过于模糊
红包雨,是,适合直播环境
闹钟闹了凌晨没放券,是,反映优惠问题
正品吗？,是,提问商品真伪
有暗黄的吗,是,询问产品颜色
直播间下单需要备注吗,是,提问适合直播
有特安组合装吗？,是,提问适合直播
直播间下单格外赠送spa券，需要备注吗,是,提问适合直播环境
油皮抗衰用哪一款啊,是,提问适合直播
这ai比较逼真而已,是,评论内容有效
好吧走了,否,内容无实际意义
防晒介绍下,是,提问适合直播
现在拍价格是最优惠的吗,是,询问优惠情况
已下单,是,表明购买行为
卸妆油链接是哪款？,是,提问商品信息
防晒怎么买,是,提问适合直播
冲500点都没有,是,表达观看感受
想要云朵包的话需要备注什么嘛,是,提问适合直播
36斤宝宝拉拉裤有吗,是,询问商品信息
紫色的那款水乳啥时候上呀,是,询问产品上架时间
虎年限定是只有瓶子不一样，成分都一样么,是,提问产品成分
0.01怎么买,是,询问购买方式
黄色包装棉巾个白色包装的有什么区别,是,提问产品区别
这是AI在播吗,是,提问直播内容
什么时候有500赠570,是,询问优惠活动
离乳奶嘴在几号链接,是,询问产品链接
他家遛人,否,内容不明确
价格涨了5.60,是,提及价格变动
虎年限定一样成分么,是,提问产品成分
晚上熬夜等充值也没有上,是,反映充值问题
好漂亮的,是,评论积极且恰当
买完了买完了,是,表达购买行为
秒杀,是,询问秒杀活动
抠搜的,否,无实际意义
24岁男士，选择哪款？,是,提问适合直播
眉笔怎么买核算？,是,提问购买相关
清新帮拉拉裤有什么活动,是,询问商品活动
48岁的女性适合么子精华,是,提问适合产品
淡痘印是哪个链接,是,询问产品链接
4825能远程吗？,是,询问产品信息
100的券怎么领,是,询问优惠领取
53和164有优惠吗,是,询问商品优惠
0点是不是没有那个500570的购物金,是,询问购物金情况
等到时间也没看见,是,观众等待反馈
袋鼠拉拉裤有吗,是,询问商品信息
想要拉拉裤,是,询问产品信息
16斤，4个月,是,可能询问产品重量
要拉拉裤,是,询问产品信息
口红偏暗红系列拍哪款,是,提问适合直播
有没有去黄美白淡斑的套装,是,提问适合直播
请问有两个浓度A醇的套组吗,是,提问适合直播
哪个套装,是,提问商品信息
2775怎么没货,是,询问商品库存
买纸尿裤有赠品吗？,是,提问适合直播
一级帮XL有货吗,是,询问商品信息
效果这么好,是,评论内容适宜
内裤呢，好评,是,可能询问商品
下单需要口号吗？,是,适合电商提问
19.9秒杀的开始了吗,是,询问秒杀开始
399什么时候有,是,询问商品信息
Ai？,否,内容含糊
机器人直播的吗,是,提问适合直播
多少包邮,是,询问邮费政策
皮肤黄,是,询问产品推荐
什么时候换真人,是,提问适合直播
10点有抢券吗,是,询问活动信息
面霜,是,询问产品信息
399减100的劵有吗,是,询问优惠信息
几点,否,内容不明确
30岁选哪个,是,提问适合直播
九点抢送什么,是,提问直播内容
请问一下50多岁哪一款精华？,是,提问适合直播
今天有送东西吗,是,提问适合直播
你好我想问一下修丽可抗衰精华面霜是不是摸上去有些白,是,提问产品使用
一分钱权益，100块钱的回购券怎么用的？,是,提问适合直播
我回购怎么没有减啊,是,提问购买问题
真的不错哟,是,评论积极且恰当
充值卡啥时候上,是,询问商品上架
充值金在几号呢,是,询问充值时间
置顶链接没有呢,是,询问直播内容
今天送什么,是,提问适合直播
皮肤干，脱皮，用蓝朋友还是小云朵？,是,提问适合直播
怎么抽奖,是,提问抽奖方法
max3介绍一下,是,提问产品信息
直播下单享加赠,是,适合电商直播
怎么安装的,是,提问适合直播
手机怎么安装,是,提问适合直播
多少钱一瓶,是,询问产品价格
4825墨盒怎么下单,是,询问商品下单
谢谢，拍了,是,表达购买行为
看下四维修护套装,是,提问产品信息
介绍一下洗发,是,提问适合直播
大家好,是,普通问候语
昨天买的还能抽吗,是,提问适合直播
tank588用更换废墨收集垫吗,是,提问适合直播
有潘婷套盒没，团建用,是,询问产品信息
买了后怎么申请领镭射杯啊？,是,提问适合直播环境
虚拟的？,否,内容含糊
讲一下10,否,内容不明确
上午好主播,是,问候语，适合直播
有583吗,是,询问商品信息
送杯子吗,是,提问适合直播
518是墨盒吗,是,询问产品信息
面霜有什么赠品,是,提问适合直播
儿童适合用哪款好,是,提问适合产品
男童,否,内容不明确
轻微出油,是,提问适合直播
12岁男孩用,是,询问产品推荐
这会买有赠品吗,是,询问赠品情况
下面实付459,是,询问商品价格
都可以送吗,是,提问适合直播
姨妈巾推荐,是,提问适合直播
怎么没有优惠券了,是,询问优惠信息
1188w和136w什么区别,是,询问产品区别
家用哪个性价比高,是,提问适合直播
儿童过敏皮肤干用什么,是,提问适合直播
家用选1188还是136,是,提问产品型号
下单备注送什么,是,提问适合直播
是真人吗？说话像机器人,是,提问适合直播
哪三款是经典？,是,提问适合直播
40条的安睡裤没货了？,是,询问商品存货
40条的安睡裤没货了吗？,是,询问商品库存
会员购2件还有赠品吗,是,提问适合直播
怎么在购物车0.01加购,是,提问购物操作
0.01加购不了,是,询问加购问题
蓝色药丸拍哪个最划算,是,询问产品性价比
直播间赠凝胶吗,是,提问适合直播
第六代的几天用一次呀,是,提问产品使用频率
一般用几档,是,提问商品信息
什么时候直播,是,询问直播时间
518有什么赠品吗,是,询问赠品信息
油痘肌适合吗？,是,提问适合产品
主播现在下单送什么,是,提问适合直播
直播间什么优惠,是,提问优惠信息
拍下不显示直播间的赠品,是,提问适合直播环境
我来了我来了,是,观众打招呼
主播好帅,是,评论积极正面
我刚来这个多少钱啊,是,询问产品价格
还有别的吗,是,提问适合直播
一千减60的优惠卷,是,适合电商环境
抢不到,是,表达购买意向
优惠卷,是,询问优惠信息
精华有吗,是,提问商品信息
老年斑哪一款合适,是,提问产品信息
买精华液有送吗,是,提问适合直播
油发用那个比较好？,是,提问适合直播
录播吗？,是,提问直播状态
是真人客服嘛~,是,提问客服状态
发什么快递,是,提问快递信息
啥气候抽奖的,否,内容不明确
29车的讲一下,是,询问特定商品
直接下单，会员加赠的赠品有的吗,是,提问适合直播
我想买两瓶水,是,适合电商环境
直播间下单会多送哪些,是,提问适合直播
油皮可以用吗,是,提问适合直播
推荐油皮面霜，不油腻清爽的，谢谢,是,提问适合直播
身体乳宝宝能用吗,是,提问适合直播
清洁泡沫和洁面乳有什么区别,是,提问适合直播
已拍绿标，希望好用,是,表明购买意向
13岁青春期男孩战痘可以用吗？,是,提问适合直播
请问C乳与PM乳的区别？,否,内容不适宜
主播姐姐好,是,正常互动评论
绿标今天怎么比昨天还贵,是,询问商品价格
毛孔粗大,是,提问适合直播
推荐,是,简短有效评论
大白罐五个月宝宝可以用吗,是,提问适合直播
日期新鲜吗,是,提问适合直播
大白罐孕妇能用吗,是,提问适合直播
生产日期是什么时候的呢,是,提问产品信息
200减20的我怎么领取,是,询问优惠领取
皮肤干适合这款吗,是,提问适合直播
我分开买两个175的,是,询问商品价格
会赠送吗,是,询问活动细节
混干皮适合的哪款洗面奶,是,提问清晰有效
多少包邮,是,询问邮费政策
199送两片,是,询问商品优惠
宝宝能用吗,是,提问适合直播
ex乳液有吗？,是,询问产品信息
粉和绿有啥区别,是,提问适合直播
油头蓬松用哪款,是,提问适合直播
plus还单独再赠凝胶嘛,是,提问商品信息
买六代,是,询问产品型号
美女你好,是,礼貌问候
备注丝塔芙大卖就好了嘛,是,适合电商环境
现在有增吗？,是,提问适合直播
身体乳是哪个,是,提问商品信息
小孩子推荐哪个,是,提问适合直播
三个月的宝宝推荐一款保湿的,是,提问适合直播
哪个是身体乳？,是,提问适合直播
快递,是,询问快递
怎么抽奖啊,是,提问抽奖流程
怎么下单？,是,提问适合直播
大家中午好,是,问候语，适合环境
点进去说活动太火爆了,是,反映活动热度
什么时候可以抽奖啊,是,提问抽奖时间
痘印推荐哪款洗面奶,是,提问适合直播
痘印洗面奶,是,提问商品信息
250的券啥时候能抢,是,询问优惠信息
有痘痘买那个？,是,提问产品信息
主播气质很好,是,评论积极且恰当
你是人还是电脑？,否,无实际意义
直播间下单有赠品吗,是,提问适合直播
资生堂服贴膜直播间下单有什么优惠,是,询问优惠信息
想抗老用哪个,是,提问适合直播
蓝丸和绿丸区别呢,是,提问内容相关
现在下单有什么优惠,是,提问适合直播
中午好！,是,问候语，适合环境
效果怎么样？主持人,是,提问适合直播
有满减卷吗,是,提问适合直播
水乳怎么买合适,是,提问适合直播
熬夜起油了用哪款,是,提问产品使用
防晒敏感肌能用吗,是,提问适合直播
27怎么做到98,否,内容不明确
眼绷带买正装赠送什么,是,提问适合直播
怎样参与呢,是,提问适合直播
199的怎么买，有什么优惠,是,询问产品优惠
眼绷带赠送什么,是,提问适合直播
走红霜效果好吗,是,提问产品效果
混油用哪,否,内容不明确
Pro和正常什么区别,是,提问内容相关
有红包雨吗,是,询问活动信息
在直播间购买有额外优惠不？,是,适合电商提问
34和33,否,内容不明确
升级款和蓝丸的区别,是,提问适合直播环境
这是so吧,否,内容含糊
小样满多少赠送的,是,询问促销信息
讲一下洗面奶,是,提问适合直播
干,否,内容无实际意义
洗面奶,是,询问产品信息
AI直播？,是,提问适合直播
哪一款是加厚的？,是,提问适合直播
AI主播[-666],否,纯表情符号
Pm乳两瓶装又啥赠品呢,是,询问赠品信息
优惠券呢？,是,询问优惠信息
洗面奶，今天有活动吗？男士控油,是,提问适合直播
这款洗面奶，有没有活动？,是,询问商品活动
早鸟锁定,是,适合电商环境
像ai,否,内容不明确
今天有250的券了吗,是,询问优惠信息
主播是电脑人吗,是,提问主播身份
优惠券有吗,是,询问优惠信息
山参系列有乳液吗,是,提问产品信息
妈妈用哪款合适,是,提问适合直播
激光和墨盒哪个好,是,提问适合直播
精华水和紧肤露两款套餐怎么选噢,是,提问适合直播
送什么的,是,询问商品信息
4825与518的区别,是,提问内容相关
淡痘印，提亮美白用哪款,是,提问适合直播环境
小银管和其他的有什么区别？,是,提问内容相关
加墨水和换墨盒那个成本高些？,是,提问适合直播
这不是真人吧？,是,提问直播真实性
是两瓶吗,是,提问商品数量
有没有光感水跟小奶罐的链接,是,询问产品链接
1136w可以双面打印吗？,是,提问产品功能
色修喷雾有没有,是,提问产品信息
便宜一点儿,是,询问价格
怎么抽星品,是,提问商品信息
我刚已经下单了,是,反映购买行为
几点抽奖,是,询问活动时间
只用得到20的卷,否,内容不明确
这个好棒啊,是,正面评价
测试信息,否,内容无实际意义
发什么快递？,是,适合电商提问
隔离防晒霜好用吗,是,提问产品使用感
现在是真人主播吗？,是,提问适合直播
推荐一款打印a3黑白机办公室用,是,提问适合直播环境
不要彩色,是,适合直播环境
推荐一下家用,否,内容不明确
K乳链接,否,内容不当
需要家用，不费耗材,是,提问适合直播
婴儿可以用吗,是,提问适合直播
办公室用那种,是,提问商品信息
26甘,否,内容不明确
给带墨的不,否,内容不明确
洗面奶在几号链接,是,询问商品链接
能看到我说话吗,是,提问检查直播
拍哪个,是,提问商品信息
包邮吗,是,适合电商提问
下单了,是,表明已购买
迷你的六件怎么不包邮呢,是,询问邮费情况
会反弹？,是,可能询问产品
pm乳两支装上一下库存,是,询问库存信息
来了,是,观众打招呼
彩色双面扫面,是,提问适合直播
彩色双面扫面一体,是,提问产品功能
双面打印彩色，PDF双面扫描,是,提问适合直播
办公双面打印彩色扫描,是,提问适合直播
我都想要40片安睡裤,是,提出购买需求
199送两片面膜,是,促销信息有效
已下单。,是,表明购买行为
1108机呢,是,询问商品信息
40条装的,是,可能询问产品
能上40条装的吗,是,提问商品信息
刚买就降价,是,反映购物体验
还不能保价,是,提问适合直播
678有无优惠,是,询问商品优惠
送的定制洗脸巾和杯子啥样,是,提问商品细节
在哪里领130元优惠券,是,询问优惠信息
面霜适合敏感肌吗,是,提问适合直播
怎么领劵,是,适合电商提问
1136呢，介绍一下,是,提问商品信息
46墨盒,是,询问产品信息
有货吗,是,询问商品存货
主播是机器人吗,是,提问主播身份
高中生可以用吗？,是,提问适合直播
有优惠劵吗,是,询问优惠信息
是真人吗,是,提问适合直播
我这会是在直播间还是看的回放？,是,提问适合直播
好吧，好像是在直播中,是,语义清晰
真会降低成本呀,是,适合电商环境
2支473ml的,是,询问产品规格
女性需要什么护肤品,是,提问适合直播
是哪个链接,是,询问直播链接
黄褐斑可以用吗？,是,提问适合直播
完犊子，还真不如真人,否,含贬义词汇
有赠品吗？,是,提问适合直播
黄褐斑可以用吗,是,提问适合直播
那个1积分+0.01的怎么弄,是,提问电商操作
什么时候上真人,是,询问直播内容
发什么快递,是,提问快递事宜
有的没货了,是,询问商品情况
光感美白淡斑和高能美白淡斑有什么区别,是,提问内容相关
哺乳期可以用美白奶罐吗,是,提问适合直播
光感和高能有什么区别？,是,提问内容相关
啥时候解答,是,提问直播内容
问那么多次都不解答,是,提问有效
光感和高能美白有什么区别？,是,提问适合直播
黄褐斑用哪个？,是,提问产品信息
40岁干皮偏黄,是,提问肤质适用
有推荐吗？,是,提问适合直播
有单独的链接吗,是,询问购买链接
讲下明星长管@CPB,是,提问产品信息
有初中生用的不,是,提问适合直播
油皮有闭口，选哪款,是,提问适合直播
乳液在几号连接,是,询问产品链接
眼贴,是,询问产品信息
推荐几号链接,是,询问商品链接
白千推荐几号链接,是,询问商品链接
请问这个牌子是哪个国家的,是,提问适合直播
请问4825可以自己加墨吗？,是,提问适合直播
亲我皮肤特别敏感，一般的化妆品不赶用，这个化妆品我能用吗,是,提问适合直播
现在什么优惠,是,询问优惠信息
18岁用什么好,是,提问适合直播
b110a,否,内容无实际意义
来了来了,是,观众打招呼
数字人,是,询问数字人直播
买了买了,是,表达购买行为
真划算,是,评论内容适宜
优惠券领了,是,反映观众互动
还不错,是,语义清晰适合
眼霜有没有活动,是,提问商品活动
主播的是豆沙色吗,是,提问适合直播环境
啊啊啊我来了,是,观众表达到场
好的，我自己看看,是,观众可能咨询
想要去斑和收毛孔的,是,提问适合直播
下单十天了，还没发货,是,询问发货情况
看下646,是,询问商品信息
646口红,是,询问产品信息
货收到了,是,反馈收货情况
售后服务不好,是,反馈售后问题
应该要上门安装好才可以,是,适合电商提问
可以远程怎么打印,是,提问适合直播
今天都是双倍积分吗,是,适合电商提问
赠品怎么领,是,提问领取赠品
家里用推荐哪款,是,提问适合直播
3636用的那个墨盒,是,询问产品信息
这款打印机有带线的吗？,是,提问适合直播
家人么,是,语义清晰适合
是一面打印完再把纸吃进去再打另一面吗？,是,提问内容相关
ai？,否,内容含糊不清
买泡沫洁面的赠品有什么,是,提问适合直播环境
有优惠吗,是,询问优惠情况
快递,否,内容不明确
一看就是AI,否,内容无实际意义
快递公司,否,内容不明确
到货时间,是,询问发货时间
赠品,是,可能询问赠品
您好,是,普通问候语
发什么快递,是,询问物流信息
高中生买哪种,是,提问适合直播
一共多少片338这链接,是,可能询问商品
好用吗？,是,提问适合直播
有什么推荐,是,提问适合直播
什么时候发货的,是,提问发货时间
当时买的时候说送个水杯，是吧？,是,提问送货事宜
买完了，是可以抽奖是吗？,是,提问适合直播环境
年前买的，好的,是,反馈购买体验
什么发券,是,询问优惠信息
什么时候发券,是,适合电商提问
中午在直播间买的，除了赠品，说是可以抽奖,是,提及购买与抽奖
都拍一个星期了还不发货,是,发货咨询
这不是直播吧？,是,提问直播性质
都拍一个星期了,是,内容相关
洗手液加手油,是,提问产品信息
下单后多久送货,是,适合电商提问
惠普4729专用墨盒有吗？,是,适合电商提问
卫生巾420的推荐哪个,是,询问产品推荐
可以上门安装吗？,是,适合提问
这是ia？,否,内容含糊
518和528有什么区别,是,提问商品区别
518和528的区别,是,提问商品差异
现在下单,是,适合电商环境
能保价吗？,是,适合电商提问
直播下单礼物怎么拿,是,适合电商提问
现在买3.4能保价吗,是,适合电商提问
为什么每次一买，价格又掉两百,是,提问价格变动
感觉自己又买早了几天,是,反映购买体验
才买了2530一套，现在2330,是,价格变动咨询
哎,否,内容过于简略
下单送墨是吗,是,提问适合直播
抗老是哪天,否,内容不明确
芥末,否,内容不明确
588怎么没有绑定的二维码,是,询问商品信息
讲下白金眼霜,是,提问产品信息
3630墨盒是哪个链接？,是,询问商品链接
主播专属券怎么领不到？,是,提问适合直播环境
就是个机器人，直什么播,是,询问数字人直播
啥时候八折,是,询问折扣时间
厨房一次性洗碗布有活动吗,是,询问商品活动
现在下单送帆布袋吗？,是,提问有关促销
1210可以连接手机打印？,是,提问产品功能
A3的打印复印多少钱,是,提问适合直播
家用哪款好用,是,提问适合直播
6703+599免单,否,无实际意义
0935+599免单,否,无实际意义
有优惠嘛？,是,询问优惠情况
M17,否,内容不明确
家用是激光合适还是喷墨合适,是,提问适合直播环境
洗面奶有吗？,是,提问商品信息
娇韵诗双萃眼霜没有吗,是,提问商品信息
满299送什么礼包,是,提问适合直播
有没有彩色的,是,提问商品信息
但不是双面,否,语义不明确
还有抽奖吗,是,询问活动情况
什么时候抽奖,是,提问抽奖时间
这是机器人吗,是,提问适合直播
隔离有防晒效果吗,是,提问适合直播
咋像扣图,是,提问商品细节
兔肉的是多少钱？,是,询问商品价格
看看441,是,询问商品信息
有卷嘛,否,内容不明确
可以抽奖吗,是,适合直播环境
洗脸巾三八节什么活动？,是,询问节日活动
直播下单需要备注什么,是,提问适合直播环境
美白精华,是,提问产品信息
美白精华介绍,是,适合电商直播
怎么抽奖呢,是,提问适合直播
油皮用哪种？,是,提问适合直播
看一下依泉唇膏,是,提问产品信息
妈呀，ai直播？？,是,表达惊讶
拍哪款,是,询问产品款式
有没有耳机,是,提问适合直播
机器人嘛,是,询问数字人直播
ai主播？,是,提问主播身份
悬油赠送的面膜怎么领,是,提问领取方式
怎么抽奖,是,提问抽奖方法
皮肤爱出油，毛孔粗大,是,提问适合直播
请问22和30有什么区别呢？,是,提问适合直播
咋抽奖,是,询问抽奖方式
得优惠劵加小助微娮号,否,含广告嫌疑
脸部容易发红，请推荐,是,提问适合直播
脸部容易发红买些什么,是,提问适合直播
干皮卸妆水有吗？,是,提问适合直播
兰蔻小白管买50送50ml吗？,是,提问适合直播
机器人？,是,询问数字人直播
直播间拍三套满八百送什么？,是,提问适合直播环境
下单已满三百,是,表明购买行为
是ai直播吗,是,提问适合直播
暗黄，干皮用哪个？,是,提问产品适用性
还有抽奖吗,是,询问活动情况
97块钱的口红还会有吗,是,询问商品信息
250g和550g有啥不一样呀,是,提问产品差异
高光香槟色啥时候补货呀,是,询问商品补货
女士可以用吗,是,适合提问
清新帮拉拉裤有卷吗,是,询问产品信息
NB码的,是,询问产品信息
下单已满300备注一下赠品,是,提及购买赠品
JD666U领优恵劵加小筯微軐,否,含广告嫌疑
面部发红发烫,是,可能询问产品效果
家人们都在等500-570的券吗,是,询问优惠券
有242吗,是,询问产品信息
录屏的吗,是,提问直播内容
得优惠劵加小助Jd000X微娮号,否,含广告嫌疑
请问油皮买什么c乳呀,是,提问适合直播
今能嘛，动耳咯啵,否,内容无实际意义
考试打印的,否,内容不相关
感觉主播是ai,是,提出疑问
还能抽奖吗,是,提问适合直播
录播吗？,是,提问直播状态
自然白皙肤色选哪个,是,提问适合直播
油皮适合什么霜啊？,是,提问适合直播
这个沐浴露可以每天用吗？,是,提问适合直播
这款蓝瓶都卖十几年了,是,评论内容相关
暗号备注什么,否,内容不明确
得优惠劵加小助微娮号,否,涉嫌广告
得优叀+微娮号,否,内容不明确
ai啊？,否,内容含糊
399-100的券啥时候上啊,是,询问优惠券信息
怎么拍比较划算,是,提问适合直播
充500得570,是,适合电商环境
因为触发关键词了,否,内容含糊
直播间专属优惠券在哪领,是,提问适合直播环境
直播间备注,否,内容不明确
直播间下单福利,是,适合电商直播
直播间暗号是什么？,是,提问适合直播环境
我,否,内容过于简略
护发精油送小瓶的护发精油吗,是,提问产品详情
满500怎么领光感面膜啊,是,提问适合直播
哪里购物袋报名,是,询问购物信息
清新帮xl拉拉裤怎么拍划算,是,提问购买优惠
32链接直接买吗？,是,询问购买链接
呵呵，居然睡了一觉,否,内容无实际意义
现在没有嘛,否,内容无实际意义
我刚下单了,是,观众购买行为
八点没有时间看直播,否,无实际意义
不是满459送面膜,是,询问优惠政策
几年前有款粉色的干粉很好用，现在升级成哪款了,是,提问产品升级
你是不是ai,是,询问数字人直播
购物车置顶在哪里,是,适合电商提问
满赠在哪里,是,适合电商提问
好高档啊,是,评论积极且恰当
有人吗,否,内容无实际意义
互,否,内容不明确
为什么没人回答,是,提问内容有效
没有满赠啊,是,询问活动情况
推荐洁面,是,适合电商环境
人工吗,是,提问适合直播
右上方哪里有券啊[-傻笑],是,询问优惠信息
399-100的券在哪？,是,询问优惠券
不是赠奶冻面膜吗,是,提问商品信息
洗面奶哦,是,询问产品信息
我没有啊,否,内容不明确
推荐一下清洁洗面奶,是,提问适合直播
送男的那个好点,是,提问适合直播
满赠怎么看,是,提问适合直播
下单了没有,是,提问适合直播
能不能正常回答一下,是,提问内容适宜
我知道啊,否,内容过于简短
没人回答？,是,提问等待回答
呜呜呜,否,无实际意义
有水吗,是,提问适合直播
油皮适合吗,是,提问适用性
下单抽小卡?,是,提问适合直播
给力,是,正面鼓励性质
哺乳期可以用吗,是,提问适合直播
直播间下单有什么赠品吗,是,提问适合直播
